{
  "epoch": 0,
  "global_step": 1000,
  "train_loss": 1.48203125,
  "val_loss": 1.82234375,
  "train_losses": [
    8.058125,
    2.43890625,
    2.2478125,
    1.99140625,
    1.80984375,
    1.7921875,
    1.735625,
    1.61765625,
    1.5990625,
    1.513515625,
    1.48203125
  ],
  "val_losses": [
    8.045625,
    2.465,
    2.28125,
    2.1615625,
    2.06921875,
    2.02984375,
    1.961875,
    1.90984375,
    1.8721875,
    1.84109375,
    1.82234375
  ]
}