{
  "epoch": 1,
  "global_step": 4400,
  "train_loss": 1.329375,
  "val_loss": 1.4765625,
  "train_losses": [
    7.798125,
    2.17390625,
    1.96,
    1.841875,
    1.7625,
    1.724375,
    1.66265625,
    1.61375,
    1.58890625,
    1.55046875,
    1.52875,
    1.47125,
    1.43140625,
    1.41171875,
    1.39796875,
    1.3890625,
    1.36125,
    1.37140625,
    1.354375,
    1.338125,
    1.3315625,
    1.30875,
    1.32515625,
    1.31125,
    1.32515625,
    1.31625,
    1.31390625,
    1.33296875,
    1.31203125,
    1.29859375,
    1.3046875,
    1.3115625,
    1.3025,
    1.31546875,
    1.30859375,
    1.295,
    1.31296875,
    1.30625,
    1.32484375,
    1.29984375,
    1.2959375,
    1.32578125,
    1.31625,
    1.3021875,
    1.329375
  ],
  "val_losses": [
    7.860625,
    2.14921875,
    1.97125,
    1.88375,
    1.8284375,
    1.77390625,
    1.73140625,
    1.704375,
    1.67265625,
    1.6396875,
    1.618125,
    1.593125,
    1.5778125,
    1.55734375,
    1.540625,
    1.52703125,
    1.5128125,
    1.501875,
    1.493125,
    1.48640625,
    1.480625,
    1.47734375,
    1.475625,
    1.47609375,
    1.476875,
    1.4775,
    1.47703125,
    1.47765625,
    1.47734375,
    1.47765625,
    1.47734375,
    1.4775,
    1.47734375,
    1.47734375,
    1.4771875,
    1.4771875,
    1.476875,
    1.4771875,
    1.476875,
    1.476875,
    1.47640625,
    1.47640625,
    1.47640625,
    1.4765625,
    1.4765625
  ]
}