{
  "epoch": 2,
  "global_step": 3200,
  "train_loss": 1.478515625,
  "val_loss": 1.906875,
  "train_losses": [
    3.470625,
    2.49765625,
    2.3234375,
    2.2784375,
    2.23453125,
    2.1265625,
    2.0740625,
    2.04296875,
    1.95453125,
    1.968125,
    1.88453125,
    1.8528125,
    1.8871875,
    1.86203125,
    1.7884375,
    1.75453125,
    1.78375,
    1.75640625,
    1.71984375,
    1.699609375,
    1.6109375,
    1.68625,
    1.63125,
    1.541875,
    1.55171875,
    1.56078125,
    1.55375,
    1.520546875,
    1.488203125,
    1.498984375,
    1.49578125,
    1.477734375,
    1.478515625
  ],
  "val_losses": [
    3.47375,
    2.5134375,
    2.3878125,
    2.30796875,
    2.25,
    2.20640625,
    2.169375,
    2.13796875,
    2.11140625,
    2.09171875,
    2.0740625,
    2.0521875,
    2.0378125,
    2.0296875,
    2.014375,
    2.00625,
    1.99421875,
    1.98109375,
    1.97640625,
    1.96203125,
    1.954375,
    1.945625,
    1.935,
    1.94859375,
    1.948125,
    1.94921875,
    1.9428125,
    1.93515625,
    1.92890625,
    1.92390625,
    1.91890625,
    1.9109375,
    1.906875
  ]
}