{
  "epoch": 0,
  "global_step": 1000,
  "train_loss": 1.56609375,
  "val_loss": 1.91140625,
  "train_losses": [
    1.5759375,
    1.621953125,
    1.59,
    1.536484375,
    1.61921875,
    1.5959375,
    1.57015625,
    1.59046875,
    1.60703125,
    1.57296875,
    1.56609375
  ],
  "val_losses": [
    1.9128125,
    1.92046875,
    1.91953125,
    1.92015625,
    1.9175,
    1.9165625,
    1.918125,
    1.91421875,
    1.91265625,
    1.90953125,
    1.91140625
  ]
}